article_url,page_url,page_no,game,resolution,gpu,fps,chart_rank
https://www.techpowerup.com/review/gainward-geforce-rtx-5060-ti-8-gb/,https://www.techpowerup.com/review/gainward-geforce-rtx-5060-ti-8-gb/,1,NVIDIA GeForce RTX 5060 Ti 8 GB Review - So Many Compromises,unknown,"RX 7600 $250 2048 64 2250 MHz 2625 MHz 2250 MHz Navi 33 13300M 8 GB, GDDR6, 128-bit",128.0,1
https://www.techpowerup.com/review/gainward-geforce-rtx-5060-ti-8-gb/,https://www.techpowerup.com/review/gainward-geforce-rtx-5060-ti-8-gb/,1,NVIDIA GeForce RTX 5060 Ti 8 GB Review - So Many Compromises,unknown,"RX 7600 XT $400 2048 64 2470 MHz 2755 MHz 2250 MHz Navi 33 13300M 16 GB, GDDR6, 128-bit",128.0,2
https://www.techpowerup.com/review/gainward-geforce-rtx-5060-ti-8-gb/,https://www.techpowerup.com/review/gainward-geforce-rtx-5060-ti-8-gb/,1,NVIDIA GeForce RTX 5060 Ti 8 GB Review - So Many Compromises,unknown,"RTX 4060 $270 3072 48 1830 MHz 2460 MHz 2125 MHz AD107 18900M 8 GB, GDDR6, 128-bit",128.0,3
https://www.techpowerup.com/review/gainward-geforce-rtx-5060-ti-8-gb/,https://www.techpowerup.com/review/gainward-geforce-rtx-5060-ti-8-gb/,1,NVIDIA GeForce RTX 5060 Ti 8 GB Review - So Many Compromises,unknown,"Arc A770 $250 4096 128 2100 MHz N/A 2187 MHz ACM-G10 21700M 16 GB, GDDR6, 256-bit",256.0,4
https://www.techpowerup.com/review/gainward-geforce-rtx-5060-ti-8-gb/,https://www.techpowerup.com/review/gainward-geforce-rtx-5060-ti-8-gb/,1,NVIDIA GeForce RTX 5060 Ti 8 GB Review - So Many Compromises,unknown,"RTX 4060 Ti $380 4352 48 2310 MHz 2535 MHz 2250 MHz AD106 22900M 8 GB, GDDR6, 128-bit",128.0,5
https://www.techpowerup.com/review/gainward-geforce-rtx-5060-ti-8-gb/,https://www.techpowerup.com/review/gainward-geforce-rtx-5060-ti-8-gb/,1,NVIDIA GeForce RTX 5060 Ti 8 GB Review - So Many Compromises,unknown,"RX 7700 XT $450 3456 96 2171 MHz 2544 MHz 2250 MHz Navi 32 26500M 12 GB, GDDR6, 192-bit",192.0,6
https://www.techpowerup.com/review/gainward-geforce-rtx-5060-ti-8-gb/,https://www.techpowerup.com/review/gainward-geforce-rtx-5060-ti-8-gb/,1,NVIDIA GeForce RTX 5060 Ti 8 GB Review - So Many Compromises,unknown,"RTX 5060 Ti $380 4608 48 2407 MHz 2572 MHz 1750 MHz GB206 21900M 8 GB, GDDR7, 128-bit",128.0,7
https://www.techpowerup.com/review/gainward-geforce-rtx-5060-ti-8-gb/,https://www.techpowerup.com/review/gainward-geforce-rtx-5060-ti-8-gb/,1,NVIDIA GeForce RTX 5060 Ti 8 GB Review - So Many Compromises,unknown,"Gainward RTX 5060 Ti 8 GB Ghost $380 4608 48 2407 MHz 2572 MHz 1750 MHz GB206 21900M 8 GB, GDDR7, 128-bit",128.0,8
https://www.techpowerup.com/review/gainward-geforce-rtx-5060-ti-8-gb/,https://www.techpowerup.com/review/gainward-geforce-rtx-5060-ti-8-gb/,1,NVIDIA GeForce RTX 5060 Ti 8 GB Review - So Many Compromises,unknown,"RTX 5060 Ti 16 GB $430 4608 48 2407 MHz 2572 MHz 1750 MHz GB206 21900M 16 GB, GDDR7, 128-bit",128.0,9
https://www.techpowerup.com/review/gainward-geforce-rtx-5060-ti-8-gb/,https://www.techpowerup.com/review/gainward-geforce-rtx-5060-ti-8-gb/,1,NVIDIA GeForce RTX 5060 Ti 8 GB Review - So Many Compromises,unknown,"RTX 4070 $500 5888 64 1920 MHz 2475 MHz 1313 MHz AD104 35800M 12 GB, GDDR6X, 192-bit",192.0,10
https://www.techpowerup.com/review/gainward-geforce-rtx-5060-ti-8-gb/,https://www.techpowerup.com/review/gainward-geforce-rtx-5060-ti-8-gb/,1,NVIDIA GeForce RTX 5060 Ti 8 GB Review - So Many Compromises,unknown,"RX 7800 XT $540 3840 96 2124 MHz 2430 MHz 2425 MHz Navi 32 28100M 16 GB, GDDR6, 256-bit",256.0,11
https://www.techpowerup.com/review/gainward-geforce-rtx-5060-ti-8-gb/,https://www.techpowerup.com/review/gainward-geforce-rtx-5060-ti-8-gb/,1,NVIDIA GeForce RTX 5060 Ti 8 GB Review - So Many Compromises,unknown,"RTX 4070 Super $600 7168 80 1980 MHz 2475 MHz 1313 MHz AD104 35800M 12 GB, GDDR6X, 192-bit",192.0,12
https://www.techpowerup.com/review/gainward-geforce-rtx-5060-ti-8-gb/,https://www.techpowerup.com/review/gainward-geforce-rtx-5060-ti-8-gb/,1,NVIDIA GeForce RTX 5060 Ti 8 GB Review - So Many Compromises,unknown,"RX 7900 GRE $650 5120 160 1880 MHz 2245 MHz 2250 MHz Navi 31 57700M 16 GB, GDDR6, 256-bit",256.0,13
https://www.techpowerup.com/review/gainward-geforce-rtx-5060-ti-8-gb/,https://www.techpowerup.com/review/gainward-geforce-rtx-5060-ti-8-gb/,1,NVIDIA GeForce RTX 5060 Ti 8 GB Review - So Many Compromises,unknown,"RTX 4070 Ti $700 7680 80 2310 MHz 2610 MHz 1313 MHz AD104 35800M 12 GB, GDDR6X, 192-bit",192.0,14
https://www.techpowerup.com/review/gainward-geforce-rtx-5060-ti-8-gb/,https://www.techpowerup.com/review/gainward-geforce-rtx-5060-ti-8-gb/,1,NVIDIA GeForce RTX 5060 Ti 8 GB Review - So Many Compromises,unknown,"RTX 5070 $600 6144 80 2325 MHz 2512 MHz 1750 MHz GB205 31100M 12 GB, GDDR7, 192-bit",192.0,15
https://www.techpowerup.com/review/gainward-geforce-rtx-5060-ti-8-gb/,https://www.techpowerup.com/review/gainward-geforce-rtx-5060-ti-8-gb/,1,NVIDIA GeForce RTX 5060 Ti 8 GB Review - So Many Compromises,unknown,"RTX 4070 Ti Super $860 8448 96 2340 MHz 2610 MHz 1313 MHz AD103 45900M 16 GB, GDDR6X, 256-bit",256.0,16
https://www.techpowerup.com/review/gainward-geforce-rtx-5060-ti-8-gb/,https://www.techpowerup.com/review/gainward-geforce-rtx-5060-ti-8-gb/,1,NVIDIA GeForce RTX 5060 Ti 8 GB Review - So Many Compromises,unknown,"RX 7900 XT $720 5376 192 2000 MHz 2400 MHz 2500 MHz Navi 31 57700M 20 GB, GDDR6, 320-bit",320.0,17
https://www.techpowerup.com/review/gainward-geforce-rtx-5060-ti-8-gb/,https://www.techpowerup.com/review/gainward-geforce-rtx-5060-ti-8-gb/,1,NVIDIA GeForce RTX 5060 Ti 8 GB Review - So Many Compromises,unknown,"RX 9070 $625 3584 128 2070 MHz 2520 MHz 2518 MHz Navi 48 53900M 16 GB, GDDR6, 256-bit",256.0,18
https://www.techpowerup.com/review/gainward-geforce-rtx-5060-ti-8-gb/,https://www.techpowerup.com/review/gainward-geforce-rtx-5060-ti-8-gb/,1,NVIDIA GeForce RTX 5060 Ti 8 GB Review - So Many Compromises,unknown,16:01 by xehmadus RX 9000 series GPU Owners Club ( 1284 ),1284.0,19
https://www.techpowerup.com/review/gainward-geforce-rtx-5060-ti-8-gb/,https://www.techpowerup.com/review/gainward-geforce-rtx-5060-ti-8-gb/,1,NVIDIA GeForce RTX 5060 Ti 8 GB Review - So Many Compromises,unknown,NVIDIA GeForce RTX 50-Series SUPER GPUs Could Arrive at CES 2026 ( 69 ),69.0,20
https://www.techpowerup.com/review/gainward-geforce-rtx-5060-ti-8-gb/,https://www.techpowerup.com/review/gainward-geforce-rtx-5060-ti-8-gb/2.html,2,NVIDIA GeForce RTX 5060 Ti 8 GB Review - So Many Compromises,unknown,16:01 by xehmadus RX 9000 series GPU Owners Club ( 1284 ),1284.0,1
https://www.techpowerup.com/review/gainward-geforce-rtx-5060-ti-8-gb/,https://www.techpowerup.com/review/gainward-geforce-rtx-5060-ti-8-gb/2.html,2,NVIDIA GeForce RTX 5060 Ti 8 GB Review - So Many Compromises,unknown,NVIDIA GeForce RTX 50-Series SUPER GPUs Could Arrive at CES 2026 ( 69 ),69.0,2
https://www.techpowerup.com/review/gainward-geforce-rtx-5060-ti-8-gb/,https://www.techpowerup.com/review/gainward-geforce-rtx-5060-ti-8-gb/3.html,3,NVIDIA GeForce RTX 5060 Ti 8 GB Review - So Many Compromises,unknown,16:01 by xehmadus RX 9000 series GPU Owners Club ( 1284 ),1284.0,1
https://www.techpowerup.com/review/gainward-geforce-rtx-5060-ti-8-gb/,https://www.techpowerup.com/review/gainward-geforce-rtx-5060-ti-8-gb/3.html,3,NVIDIA GeForce RTX 5060 Ti 8 GB Review - So Many Compromises,unknown,NVIDIA GeForce RTX 50-Series SUPER GPUs Could Arrive at CES 2026 ( 69 ),69.0,2
https://www.techpowerup.com/review/gainward-geforce-rtx-5060-ti-8-gb/,https://www.techpowerup.com/review/gainward-geforce-rtx-5060-ti-8-gb/4.html,4,NVIDIA GeForce RTX 5060 Ti 8 GB Review - So Many Compromises,unknown,16:01 by xehmadus RX 9000 series GPU Owners Club ( 1284 ),1284.0,1
https://www.techpowerup.com/review/gainward-geforce-rtx-5060-ti-8-gb/,https://www.techpowerup.com/review/gainward-geforce-rtx-5060-ti-8-gb/4.html,4,NVIDIA GeForce RTX 5060 Ti 8 GB Review - So Many Compromises,unknown,NVIDIA GeForce RTX 50-Series SUPER GPUs Could Arrive at CES 2026 ( 69 ),69.0,2
https://www.techpowerup.com/review/gainward-geforce-rtx-5060-ti-8-gb/,https://www.techpowerup.com/review/gainward-geforce-rtx-5060-ti-8-gb/5.html,5,NVIDIA GeForce RTX 5060 Ti 8 GB Review - So Many Compromises,unknown,16:01 by xehmadus RX 9000 series GPU Owners Club ( 1284 ),1284.0,1
https://www.techpowerup.com/review/gainward-geforce-rtx-5060-ti-8-gb/,https://www.techpowerup.com/review/gainward-geforce-rtx-5060-ti-8-gb/5.html,5,NVIDIA GeForce RTX 5060 Ti 8 GB Review - So Many Compromises,unknown,NVIDIA GeForce RTX 50-Series SUPER GPUs Could Arrive at CES 2026 ( 69 ),69.0,2
https://www.techpowerup.com/review/gainward-geforce-rtx-5060-ti-8-gb/,https://www.techpowerup.com/review/gainward-geforce-rtx-5060-ti-8-gb/6.html,6,NVIDIA GeForce RTX 5060 Ti 8 GB Review - So Many Compromises,1920x1080,Drivers: RTX 5060 Ti: 575.94 Press Driver Other NVIDIA cards: 572.83 WHQL AMD: 25.3.2 Beta Intel: 101.6732 Beta Date of Retest,101.6732,1
https://www.techpowerup.com/review/gainward-geforce-rtx-5060-ti-8-gb/,https://www.techpowerup.com/review/gainward-geforce-rtx-5060-ti-8-gb/6.html,6,NVIDIA GeForce RTX 5060 Ti 8 GB Review - So Many Compromises,1920x1080,2025-04-01: Arc A770 16 GB,16.0,2
https://www.techpowerup.com/review/gainward-geforce-rtx-5060-ti-8-gb/,https://www.techpowerup.com/review/gainward-geforce-rtx-5060-ti-8-gb/6.html,6,NVIDIA GeForce RTX 5060 Ti 8 GB Review - So Many Compromises,1920x1080,2025-04-01: RTX 3060 12 GB,12.0,3
https://www.techpowerup.com/review/gainward-geforce-rtx-5060-ti-8-gb/,https://www.techpowerup.com/review/gainward-geforce-rtx-5060-ti-8-gb/6.html,6,NVIDIA GeForce RTX 5060 Ti 8 GB Review - So Many Compromises,1920x1080,2025-04-02: RTX 3070 8 GB,8.0,4
https://www.techpowerup.com/review/gainward-geforce-rtx-5060-ti-8-gb/,https://www.techpowerup.com/review/gainward-geforce-rtx-5060-ti-8-gb/6.html,6,NVIDIA GeForce RTX 5060 Ti 8 GB Review - So Many Compromises,1920x1080,2025-04-02: RTX 3080 10 GB,10.0,5
https://www.techpowerup.com/review/gainward-geforce-rtx-5060-ti-8-gb/,https://www.techpowerup.com/review/gainward-geforce-rtx-5060-ti-8-gb/6.html,6,NVIDIA GeForce RTX 5060 Ti 8 GB Review - So Many Compromises,1920x1080,2025-04-02: RTX 3090 Ti 24 GB,24.0,6
https://www.techpowerup.com/review/gainward-geforce-rtx-5060-ti-8-gb/,https://www.techpowerup.com/review/gainward-geforce-rtx-5060-ti-8-gb/6.html,6,NVIDIA GeForce RTX 5060 Ti 8 GB Review - So Many Compromises,1920x1080,2025-04-03: RTX 4060 8 GB,8.0,7
https://www.techpowerup.com/review/gainward-geforce-rtx-5060-ti-8-gb/,https://www.techpowerup.com/review/gainward-geforce-rtx-5060-ti-8-gb/6.html,6,NVIDIA GeForce RTX 5060 Ti 8 GB Review - So Many Compromises,1920x1080,2025-04-03: RTX 4060 Ti 8 GB,8.0,8
https://www.techpowerup.com/review/gainward-geforce-rtx-5060-ti-8-gb/,https://www.techpowerup.com/review/gainward-geforce-rtx-5060-ti-8-gb/6.html,6,NVIDIA GeForce RTX 5060 Ti 8 GB Review - So Many Compromises,1920x1080,2025-04-03: RTX 4060 Ti 16 GB,16.0,9
https://www.techpowerup.com/review/gainward-geforce-rtx-5060-ti-8-gb/,https://www.techpowerup.com/review/gainward-geforce-rtx-5060-ti-8-gb/6.html,6,NVIDIA GeForce RTX 5060 Ti 8 GB Review - So Many Compromises,1920x1080,2025-04-04: RTX 4070 12 GB,12.0,10
https://www.techpowerup.com/review/gainward-geforce-rtx-5060-ti-8-gb/,https://www.techpowerup.com/review/gainward-geforce-rtx-5060-ti-8-gb/6.html,6,NVIDIA GeForce RTX 5060 Ti 8 GB Review - So Many Compromises,1920x1080,2025-04-04: RTX 4070 Super 12 GB,12.0,11
https://www.techpowerup.com/review/gainward-geforce-rtx-5060-ti-8-gb/,https://www.techpowerup.com/review/gainward-geforce-rtx-5060-ti-8-gb/6.html,6,NVIDIA GeForce RTX 5060 Ti 8 GB Review - So Many Compromises,1920x1080,2025-04-04: RTX 4070 Ti 12 GB,12.0,12
https://www.techpowerup.com/review/gainward-geforce-rtx-5060-ti-8-gb/,https://www.techpowerup.com/review/gainward-geforce-rtx-5060-ti-8-gb/6.html,6,NVIDIA GeForce RTX 5060 Ti 8 GB Review - So Many Compromises,1920x1080,2025-04-05: RTX 4070 Ti Super 16 GB,16.0,13
https://www.techpowerup.com/review/gainward-geforce-rtx-5060-ti-8-gb/,https://www.techpowerup.com/review/gainward-geforce-rtx-5060-ti-8-gb/6.html,6,NVIDIA GeForce RTX 5060 Ti 8 GB Review - So Many Compromises,1920x1080,2025-04-05: RTX 4080 16 GB,16.0,14
https://www.techpowerup.com/review/gainward-geforce-rtx-5060-ti-8-gb/,https://www.techpowerup.com/review/gainward-geforce-rtx-5060-ti-8-gb/6.html,6,NVIDIA GeForce RTX 5060 Ti 8 GB Review - So Many Compromises,1920x1080,2025-04-05: RTX 4080 Super 16 GB,16.0,15
https://www.techpowerup.com/review/gainward-geforce-rtx-5060-ti-8-gb/,https://www.techpowerup.com/review/gainward-geforce-rtx-5060-ti-8-gb/6.html,6,NVIDIA GeForce RTX 5060 Ti 8 GB Review - So Many Compromises,1920x1080,2025-04-05: RTX 4090 24 GB,24.0,16
https://www.techpowerup.com/review/gainward-geforce-rtx-5060-ti-8-gb/,https://www.techpowerup.com/review/gainward-geforce-rtx-5060-ti-8-gb/6.html,6,NVIDIA GeForce RTX 5060 Ti 8 GB Review - So Many Compromises,1920x1080,2025-04-06: RTX 5070 16 GB,16.0,17
https://www.techpowerup.com/review/gainward-geforce-rtx-5060-ti-8-gb/,https://www.techpowerup.com/review/gainward-geforce-rtx-5060-ti-8-gb/6.html,6,NVIDIA GeForce RTX 5060 Ti 8 GB Review - So Many Compromises,1920x1080,2025-04-06: RTX 5070 Ti 16 GB,16.0,18
https://www.techpowerup.com/review/gainward-geforce-rtx-5060-ti-8-gb/,https://www.techpowerup.com/review/gainward-geforce-rtx-5060-ti-8-gb/6.html,6,NVIDIA GeForce RTX 5060 Ti 8 GB Review - So Many Compromises,1920x1080,2025-04-06: RTX 5080 16 GB,16.0,19
https://www.techpowerup.com/review/gainward-geforce-rtx-5060-ti-8-gb/,https://www.techpowerup.com/review/gainward-geforce-rtx-5060-ti-8-gb/6.html,6,NVIDIA GeForce RTX 5060 Ti 8 GB Review - So Many Compromises,1920x1080,2025-04-07: RTX 5090 32 GB,32.0,20
https://www.techpowerup.com/review/gainward-geforce-rtx-5060-ti-8-gb/,https://www.techpowerup.com/review/gainward-geforce-rtx-5060-ti-8-gb/6.html,6,NVIDIA GeForce RTX 5060 Ti 8 GB Review - So Many Compromises,1920x1080,2025-04-07: RX 6800 XT 16 GB,16.0,21
https://www.techpowerup.com/review/gainward-geforce-rtx-5060-ti-8-gb/,https://www.techpowerup.com/review/gainward-geforce-rtx-5060-ti-8-gb/6.html,6,NVIDIA GeForce RTX 5060 Ti 8 GB Review - So Many Compromises,1920x1080,2025-04-07: RX 6900 XT 16 GB,16.0,22
https://www.techpowerup.com/review/gainward-geforce-rtx-5060-ti-8-gb/,https://www.techpowerup.com/review/gainward-geforce-rtx-5060-ti-8-gb/6.html,6,NVIDIA GeForce RTX 5060 Ti 8 GB Review - So Many Compromises,1920x1080,2025-04-08: RX 7600 8 GB,8.0,23
https://www.techpowerup.com/review/gainward-geforce-rtx-5060-ti-8-gb/,https://www.techpowerup.com/review/gainward-geforce-rtx-5060-ti-8-gb/6.html,6,NVIDIA GeForce RTX 5060 Ti 8 GB Review - So Many Compromises,1920x1080,2025-04-08: RX 7600 XT 16 GB,16.0,24
https://www.techpowerup.com/review/gainward-geforce-rtx-5060-ti-8-gb/,https://www.techpowerup.com/review/gainward-geforce-rtx-5060-ti-8-gb/6.html,6,NVIDIA GeForce RTX 5060 Ti 8 GB Review - So Many Compromises,1920x1080,2025-04-08: RX 7700 XT 12 GB,12.0,25
https://www.techpowerup.com/review/gainward-geforce-rtx-5060-ti-8-gb/,https://www.techpowerup.com/review/gainward-geforce-rtx-5060-ti-8-gb/6.html,6,NVIDIA GeForce RTX 5060 Ti 8 GB Review - So Many Compromises,1920x1080,2025-04-09: RX 7800 XT 16 GB,16.0,26
https://www.techpowerup.com/review/gainward-geforce-rtx-5060-ti-8-gb/,https://www.techpowerup.com/review/gainward-geforce-rtx-5060-ti-8-gb/6.html,6,NVIDIA GeForce RTX 5060 Ti 8 GB Review - So Many Compromises,1920x1080,2025-04-09: RX 7900 GRE 16 GB,16.0,27
https://www.techpowerup.com/review/gainward-geforce-rtx-5060-ti-8-gb/,https://www.techpowerup.com/review/gainward-geforce-rtx-5060-ti-8-gb/6.html,6,NVIDIA GeForce RTX 5060 Ti 8 GB Review - So Many Compromises,1920x1080,2025-04-09: RX 7900 XT 20 GB,20.0,28
https://www.techpowerup.com/review/gainward-geforce-rtx-5060-ti-8-gb/,https://www.techpowerup.com/review/gainward-geforce-rtx-5060-ti-8-gb/6.html,6,NVIDIA GeForce RTX 5060 Ti 8 GB Review - So Many Compromises,1920x1080,2025-04-09: RX 7900 XTX 24 GB,24.0,29
https://www.techpowerup.com/review/gainward-geforce-rtx-5060-ti-8-gb/,https://www.techpowerup.com/review/gainward-geforce-rtx-5060-ti-8-gb/6.html,6,NVIDIA GeForce RTX 5060 Ti 8 GB Review - So Many Compromises,1920x1080,2025-04-10: RX 9070 16 GB,16.0,30
https://www.techpowerup.com/review/gainward-geforce-rtx-5060-ti-8-gb/,https://www.techpowerup.com/review/gainward-geforce-rtx-5060-ti-8-gb/6.html,6,NVIDIA GeForce RTX 5060 Ti 8 GB Review - So Many Compromises,1920x1080,2025-04-10: RX 9070 XT 16 GB,16.0,31
https://www.techpowerup.com/review/gainward-geforce-rtx-5060-ti-8-gb/,https://www.techpowerup.com/review/gainward-geforce-rtx-5060-ti-8-gb/6.html,6,NVIDIA GeForce RTX 5060 Ti 8 GB Review - So Many Compromises,1920x1080,16:01 by xehmadus RX 9000 series GPU Owners Club ( 1284 ),1284.0,32
https://www.techpowerup.com/review/gainward-geforce-rtx-5060-ti-8-gb/,https://www.techpowerup.com/review/gainward-geforce-rtx-5060-ti-8-gb/6.html,6,NVIDIA GeForce RTX 5060 Ti 8 GB Review - So Many Compromises,1920x1080,NVIDIA GeForce RTX 50-Series SUPER GPUs Could Arrive at CES 2026 ( 69 ),69.0,33
https://www.techpowerup.com/review/gainward-geforce-rtx-5060-ti-8-gb/,https://www.techpowerup.com/review/gainward-geforce-rtx-5060-ti-8-gb/7.html,7,NVIDIA GeForce RTX 5060 Ti 8 GB Review - So Many Compromises,unknown,16:01 by xehmadus RX 9000 series GPU Owners Club ( 1284 ),1284.0,1
https://www.techpowerup.com/review/gainward-geforce-rtx-5060-ti-8-gb/,https://www.techpowerup.com/review/gainward-geforce-rtx-5060-ti-8-gb/7.html,7,NVIDIA GeForce RTX 5060 Ti 8 GB Review - So Many Compromises,unknown,NVIDIA GeForce RTX 50-Series SUPER GPUs Could Arrive at CES 2026 ( 69 ),69.0,2
https://www.techpowerup.com/review/gainward-geforce-rtx-5060-ti-8-gb/,https://www.techpowerup.com/review/gainward-geforce-rtx-5060-ti-8-gb/8.html,8,NVIDIA GeForce RTX 5060 Ti 8 GB Review - So Many Compromises,unknown,16:01 by xehmadus RX 9000 series GPU Owners Club ( 1284 ),1284.0,1
https://www.techpowerup.com/review/gainward-geforce-rtx-5060-ti-8-gb/,https://www.techpowerup.com/review/gainward-geforce-rtx-5060-ti-8-gb/8.html,8,NVIDIA GeForce RTX 5060 Ti 8 GB Review - So Many Compromises,unknown,NVIDIA GeForce RTX 50-Series SUPER GPUs Could Arrive at CES 2026 ( 69 ),69.0,2
https://www.techpowerup.com/review/gainward-geforce-rtx-5060-ti-8-gb/,https://www.techpowerup.com/review/gainward-geforce-rtx-5060-ti-8-gb/9.html,9,NVIDIA GeForce RTX 5060 Ti 8 GB Review - So Many Compromises,unknown,16:01 by xehmadus RX 9000 series GPU Owners Club ( 1284 ),1284.0,1
https://www.techpowerup.com/review/gainward-geforce-rtx-5060-ti-8-gb/,https://www.techpowerup.com/review/gainward-geforce-rtx-5060-ti-8-gb/9.html,9,NVIDIA GeForce RTX 5060 Ti 8 GB Review - So Many Compromises,unknown,NVIDIA GeForce RTX 50-Series SUPER GPUs Could Arrive at CES 2026 ( 69 ),69.0,2
https://www.techpowerup.com/review/gainward-geforce-rtx-5060-ti-8-gb/,https://www.techpowerup.com/review/gainward-geforce-rtx-5060-ti-8-gb/10.html,10,NVIDIA GeForce RTX 5060 Ti 8 GB Review - So Many Compromises,unknown,16:01 by xehmadus RX 9000 series GPU Owners Club ( 1284 ),1284.0,1
https://www.techpowerup.com/review/gainward-geforce-rtx-5060-ti-8-gb/,https://www.techpowerup.com/review/gainward-geforce-rtx-5060-ti-8-gb/10.html,10,NVIDIA GeForce RTX 5060 Ti 8 GB Review - So Many Compromises,unknown,NVIDIA GeForce RTX 50-Series SUPER GPUs Could Arrive at CES 2026 ( 69 ),69.0,2
https://www.techpowerup.com/review/gainward-geforce-rtx-5060-ti-8-gb/,https://www.techpowerup.com/review/gainward-geforce-rtx-5060-ti-8-gb/11.html,11,NVIDIA GeForce RTX 5060 Ti 8 GB Review - So Many Compromises,unknown,16:01 by xehmadus RX 9000 series GPU Owners Club ( 1284 ),1284.0,1
https://www.techpowerup.com/review/gainward-geforce-rtx-5060-ti-8-gb/,https://www.techpowerup.com/review/gainward-geforce-rtx-5060-ti-8-gb/11.html,11,NVIDIA GeForce RTX 5060 Ti 8 GB Review - So Many Compromises,unknown,NVIDIA GeForce RTX 50-Series SUPER GPUs Could Arrive at CES 2026 ( 69 ),69.0,2
https://www.techpowerup.com/review/gainward-geforce-rtx-5060-ti-8-gb/,https://www.techpowerup.com/review/gainward-geforce-rtx-5060-ti-8-gb/12.html,12,NVIDIA GeForce RTX 5060 Ti 8 GB Review - So Many Compromises,unknown,16:01 by xehmadus RX 9000 series GPU Owners Club ( 1284 ),1284.0,1
https://www.techpowerup.com/review/gainward-geforce-rtx-5060-ti-8-gb/,https://www.techpowerup.com/review/gainward-geforce-rtx-5060-ti-8-gb/12.html,12,NVIDIA GeForce RTX 5060 Ti 8 GB Review - So Many Compromises,unknown,NVIDIA GeForce RTX 50-Series SUPER GPUs Could Arrive at CES 2026 ( 69 ),69.0,2
https://www.techpowerup.com/review/gainward-geforce-rtx-5060-ti-8-gb/,https://www.techpowerup.com/review/gainward-geforce-rtx-5060-ti-8-gb/13.html,13,NVIDIA GeForce RTX 5060 Ti 8 GB Review - So Many Compromises,unknown,16:01 by xehmadus RX 9000 series GPU Owners Club ( 1284 ),1284.0,1
https://www.techpowerup.com/review/gainward-geforce-rtx-5060-ti-8-gb/,https://www.techpowerup.com/review/gainward-geforce-rtx-5060-ti-8-gb/13.html,13,NVIDIA GeForce RTX 5060 Ti 8 GB Review - So Many Compromises,unknown,NVIDIA GeForce RTX 50-Series SUPER GPUs Could Arrive at CES 2026 ( 69 ),69.0,2
https://www.techpowerup.com/review/gainward-geforce-rtx-5060-ti-8-gb/,https://www.techpowerup.com/review/gainward-geforce-rtx-5060-ti-8-gb/14.html,14,NVIDIA GeForce RTX 5060 Ti 8 GB Review - So Many Compromises,unknown,16:01 by xehmadus RX 9000 series GPU Owners Club ( 1284 ),1284.0,1
https://www.techpowerup.com/review/gainward-geforce-rtx-5060-ti-8-gb/,https://www.techpowerup.com/review/gainward-geforce-rtx-5060-ti-8-gb/14.html,14,NVIDIA GeForce RTX 5060 Ti 8 GB Review - So Many Compromises,unknown,NVIDIA GeForce RTX 50-Series SUPER GPUs Could Arrive at CES 2026 ( 69 ),69.0,2
https://www.techpowerup.com/review/gainward-geforce-rtx-5060-ti-8-gb/,https://www.techpowerup.com/review/gainward-geforce-rtx-5060-ti-8-gb/15.html,15,NVIDIA GeForce RTX 5060 Ti 8 GB Review - So Many Compromises,unknown,16:01 by xehmadus RX 9000 series GPU Owners Club ( 1284 ),1284.0,1
https://www.techpowerup.com/review/gainward-geforce-rtx-5060-ti-8-gb/,https://www.techpowerup.com/review/gainward-geforce-rtx-5060-ti-8-gb/15.html,15,NVIDIA GeForce RTX 5060 Ti 8 GB Review - So Many Compromises,unknown,NVIDIA GeForce RTX 50-Series SUPER GPUs Could Arrive at CES 2026 ( 69 ),69.0,2
https://www.techpowerup.com/review/gainward-geforce-rtx-5060-ti-8-gb/,https://www.techpowerup.com/review/gainward-geforce-rtx-5060-ti-8-gb/16.html,16,NVIDIA GeForce RTX 5060 Ti 8 GB Review - So Many Compromises,unknown,16:01 by xehmadus RX 9000 series GPU Owners Club ( 1284 ),1284.0,1
https://www.techpowerup.com/review/gainward-geforce-rtx-5060-ti-8-gb/,https://www.techpowerup.com/review/gainward-geforce-rtx-5060-ti-8-gb/16.html,16,NVIDIA GeForce RTX 5060 Ti 8 GB Review - So Many Compromises,unknown,NVIDIA GeForce RTX 50-Series SUPER GPUs Could Arrive at CES 2026 ( 69 ),69.0,2
https://www.techpowerup.com/review/gainward-geforce-rtx-5060-ti-8-gb/,https://www.techpowerup.com/review/gainward-geforce-rtx-5060-ti-8-gb/17.html,17,NVIDIA GeForce RTX 5060 Ti 8 GB Review - So Many Compromises,unknown,16:01 by xehmadus RX 9000 series GPU Owners Club ( 1284 ),1284.0,1
https://www.techpowerup.com/review/gainward-geforce-rtx-5060-ti-8-gb/,https://www.techpowerup.com/review/gainward-geforce-rtx-5060-ti-8-gb/17.html,17,NVIDIA GeForce RTX 5060 Ti 8 GB Review - So Many Compromises,unknown,NVIDIA GeForce RTX 50-Series SUPER GPUs Could Arrive at CES 2026 ( 69 ),69.0,2
https://www.techpowerup.com/review/gainward-geforce-rtx-5060-ti-8-gb/,https://www.techpowerup.com/review/gainward-geforce-rtx-5060-ti-8-gb/18.html,18,NVIDIA GeForce RTX 5060 Ti 8 GB Review - So Many Compromises,unknown,16:01 by xehmadus RX 9000 series GPU Owners Club ( 1284 ),1284.0,1
https://www.techpowerup.com/review/gainward-geforce-rtx-5060-ti-8-gb/,https://www.techpowerup.com/review/gainward-geforce-rtx-5060-ti-8-gb/18.html,18,NVIDIA GeForce RTX 5060 Ti 8 GB Review - So Many Compromises,unknown,NVIDIA GeForce RTX 50-Series SUPER GPUs Could Arrive at CES 2026 ( 69 ),69.0,2
https://www.techpowerup.com/review/gainward-geforce-rtx-5060-ti-8-gb/,https://www.techpowerup.com/review/gainward-geforce-rtx-5060-ti-8-gb/19.html,19,NVIDIA GeForce RTX 5060 Ti 8 GB Review - So Many Compromises,unknown,16:01 by xehmadus RX 9000 series GPU Owners Club ( 1284 ),1284.0,1
https://www.techpowerup.com/review/gainward-geforce-rtx-5060-ti-8-gb/,https://www.techpowerup.com/review/gainward-geforce-rtx-5060-ti-8-gb/19.html,19,NVIDIA GeForce RTX 5060 Ti 8 GB Review - So Many Compromises,unknown,NVIDIA GeForce RTX 50-Series SUPER GPUs Could Arrive at CES 2026 ( 69 ),69.0,2
https://www.techpowerup.com/review/gainward-geforce-rtx-5060-ti-8-gb/,https://www.techpowerup.com/review/gainward-geforce-rtx-5060-ti-8-gb/20.html,20,NVIDIA GeForce RTX 5060 Ti 8 GB Review - So Many Compromises,unknown,16:01 by xehmadus RX 9000 series GPU Owners Club ( 1284 ),1284.0,1
https://www.techpowerup.com/review/gainward-geforce-rtx-5060-ti-8-gb/,https://www.techpowerup.com/review/gainward-geforce-rtx-5060-ti-8-gb/20.html,20,NVIDIA GeForce RTX 5060 Ti 8 GB Review - So Many Compromises,unknown,NVIDIA GeForce RTX 50-Series SUPER GPUs Could Arrive at CES 2026 ( 69 ),69.0,2
https://www.techpowerup.com/review/gainward-geforce-rtx-5060-ti-8-gb/,https://www.techpowerup.com/review/gainward-geforce-rtx-5060-ti-8-gb/21.html,21,NVIDIA GeForce RTX 5060 Ti 8 GB Review - So Many Compromises,unknown,16:01 by xehmadus RX 9000 series GPU Owners Club ( 1284 ),1284.0,1
https://www.techpowerup.com/review/gainward-geforce-rtx-5060-ti-8-gb/,https://www.techpowerup.com/review/gainward-geforce-rtx-5060-ti-8-gb/21.html,21,NVIDIA GeForce RTX 5060 Ti 8 GB Review - So Many Compromises,unknown,NVIDIA GeForce RTX 50-Series SUPER GPUs Could Arrive at CES 2026 ( 69 ),69.0,2
https://www.techpowerup.com/review/gainward-geforce-rtx-5060-ti-8-gb/,https://www.techpowerup.com/review/gainward-geforce-rtx-5060-ti-8-gb/22.html,22,NVIDIA GeForce RTX 5060 Ti 8 GB Review - So Many Compromises,unknown,16:01 by xehmadus RX 9000 series GPU Owners Club ( 1284 ),1284.0,1
https://www.techpowerup.com/review/gainward-geforce-rtx-5060-ti-8-gb/,https://www.techpowerup.com/review/gainward-geforce-rtx-5060-ti-8-gb/22.html,22,NVIDIA GeForce RTX 5060 Ti 8 GB Review - So Many Compromises,unknown,NVIDIA GeForce RTX 50-Series SUPER GPUs Could Arrive at CES 2026 ( 69 ),69.0,2
https://www.techpowerup.com/review/gainward-geforce-rtx-5060-ti-8-gb/,https://www.techpowerup.com/review/gainward-geforce-rtx-5060-ti-8-gb/23.html,23,NVIDIA GeForce RTX 5060 Ti 8 GB Review - So Many Compromises,unknown,16:01 by xehmadus RX 9000 series GPU Owners Club ( 1284 ),1284.0,1
https://www.techpowerup.com/review/gainward-geforce-rtx-5060-ti-8-gb/,https://www.techpowerup.com/review/gainward-geforce-rtx-5060-ti-8-gb/23.html,23,NVIDIA GeForce RTX 5060 Ti 8 GB Review - So Many Compromises,unknown,NVIDIA GeForce RTX 50-Series SUPER GPUs Could Arrive at CES 2026 ( 69 ),69.0,2
https://www.techpowerup.com/review/gainward-geforce-rtx-5060-ti-8-gb/,https://www.techpowerup.com/review/gainward-geforce-rtx-5060-ti-8-gb/24.html,24,NVIDIA GeForce RTX 5060 Ti 8 GB Review - So Many Compromises,unknown,16:01 by xehmadus RX 9000 series GPU Owners Club ( 1284 ),1284.0,1
https://www.techpowerup.com/review/gainward-geforce-rtx-5060-ti-8-gb/,https://www.techpowerup.com/review/gainward-geforce-rtx-5060-ti-8-gb/24.html,24,NVIDIA GeForce RTX 5060 Ti 8 GB Review - So Many Compromises,unknown,NVIDIA GeForce RTX 50-Series SUPER GPUs Could Arrive at CES 2026 ( 69 ),69.0,2
https://www.techpowerup.com/review/gainward-geforce-rtx-5060-ti-8-gb/,https://www.techpowerup.com/review/gainward-geforce-rtx-5060-ti-8-gb/25.html,25,NVIDIA GeForce RTX 5060 Ti 8 GB Review - So Many Compromises,unknown,16:01 by xehmadus RX 9000 series GPU Owners Club ( 1284 ),1284.0,1
https://www.techpowerup.com/review/gainward-geforce-rtx-5060-ti-8-gb/,https://www.techpowerup.com/review/gainward-geforce-rtx-5060-ti-8-gb/25.html,25,NVIDIA GeForce RTX 5060 Ti 8 GB Review - So Many Compromises,unknown,NVIDIA GeForce RTX 50-Series SUPER GPUs Could Arrive at CES 2026 ( 69 ),69.0,2
https://www.techpowerup.com/review/gainward-geforce-rtx-5060-ti-8-gb/,https://www.techpowerup.com/review/gainward-geforce-rtx-5060-ti-8-gb/26.html,26,NVIDIA GeForce RTX 5060 Ti 8 GB Review - So Many Compromises,unknown,16:01 by xehmadus RX 9000 series GPU Owners Club ( 1284 ),1284.0,1
https://www.techpowerup.com/review/gainward-geforce-rtx-5060-ti-8-gb/,https://www.techpowerup.com/review/gainward-geforce-rtx-5060-ti-8-gb/26.html,26,NVIDIA GeForce RTX 5060 Ti 8 GB Review - So Many Compromises,unknown,NVIDIA GeForce RTX 50-Series SUPER GPUs Could Arrive at CES 2026 ( 69 ),69.0,2
https://www.techpowerup.com/review/gainward-geforce-rtx-5060-ti-8-gb/,https://www.techpowerup.com/review/gainward-geforce-rtx-5060-ti-8-gb/27.html,27,NVIDIA GeForce RTX 5060 Ti 8 GB Review - So Many Compromises,unknown,16:01 by xehmadus RX 9000 series GPU Owners Club ( 1284 ),1284.0,1
https://www.techpowerup.com/review/gainward-geforce-rtx-5060-ti-8-gb/,https://www.techpowerup.com/review/gainward-geforce-rtx-5060-ti-8-gb/27.html,27,NVIDIA GeForce RTX 5060 Ti 8 GB Review - So Many Compromises,unknown,NVIDIA GeForce RTX 50-Series SUPER GPUs Could Arrive at CES 2026 ( 69 ),69.0,2
https://www.techpowerup.com/review/gainward-geforce-rtx-5060-ti-8-gb/,https://www.techpowerup.com/review/gainward-geforce-rtx-5060-ti-8-gb/28.html,28,NVIDIA GeForce RTX 5060 Ti 8 GB Review - So Many Compromises,unknown,16:01 by xehmadus RX 9000 series GPU Owners Club ( 1284 ),1284.0,1
https://www.techpowerup.com/review/gainward-geforce-rtx-5060-ti-8-gb/,https://www.techpowerup.com/review/gainward-geforce-rtx-5060-ti-8-gb/28.html,28,NVIDIA GeForce RTX 5060 Ti 8 GB Review - So Many Compromises,unknown,NVIDIA GeForce RTX 50-Series SUPER GPUs Could Arrive at CES 2026 ( 69 ),69.0,2
https://www.techpowerup.com/review/gainward-geforce-rtx-5060-ti-8-gb/,https://www.techpowerup.com/review/gainward-geforce-rtx-5060-ti-8-gb/29.html,29,NVIDIA GeForce RTX 5060 Ti 8 GB Review - So Many Compromises,unknown,16:01 by xehmadus RX 9000 series GPU Owners Club ( 1284 ),1284.0,1
https://www.techpowerup.com/review/gainward-geforce-rtx-5060-ti-8-gb/,https://www.techpowerup.com/review/gainward-geforce-rtx-5060-ti-8-gb/29.html,29,NVIDIA GeForce RTX 5060 Ti 8 GB Review - So Many Compromises,unknown,NVIDIA GeForce RTX 50-Series SUPER GPUs Could Arrive at CES 2026 ( 69 ),69.0,2
https://www.techpowerup.com/review/gainward-geforce-rtx-5060-ti-8-gb/,https://www.techpowerup.com/review/gainward-geforce-rtx-5060-ti-8-gb/30.html,30,NVIDIA GeForce RTX 5060 Ti 8 GB Review - So Many Compromises,unknown,16:01 by xehmadus RX 9000 series GPU Owners Club ( 1284 ),1284.0,1
https://www.techpowerup.com/review/gainward-geforce-rtx-5060-ti-8-gb/,https://www.techpowerup.com/review/gainward-geforce-rtx-5060-ti-8-gb/30.html,30,NVIDIA GeForce RTX 5060 Ti 8 GB Review - So Many Compromises,unknown,NVIDIA GeForce RTX 50-Series SUPER GPUs Could Arrive at CES 2026 ( 69 ),69.0,2
https://www.techpowerup.com/review/gainward-geforce-rtx-5060-ti-8-gb/,https://www.techpowerup.com/review/gainward-geforce-rtx-5060-ti-8-gb/31.html,31,NVIDIA GeForce RTX 5060 Ti 8 GB Review - So Many Compromises,1920x1080,16:01 by xehmadus RX 9000 series GPU Owners Club ( 1284 ),1284.0,1
https://www.techpowerup.com/review/gainward-geforce-rtx-5060-ti-8-gb/,https://www.techpowerup.com/review/gainward-geforce-rtx-5060-ti-8-gb/31.html,31,NVIDIA GeForce RTX 5060 Ti 8 GB Review - So Many Compromises,1920x1080,NVIDIA GeForce RTX 50-Series SUPER GPUs Could Arrive at CES 2026 ( 69 ),69.0,2
https://www.techpowerup.com/review/gainward-geforce-rtx-5060-ti-8-gb/,https://www.techpowerup.com/review/gainward-geforce-rtx-5060-ti-8-gb/32.html,32,NVIDIA GeForce RTX 5060 Ti 8 GB Review - So Many Compromises,unknown,16:01 by xehmadus RX 9000 series GPU Owners Club ( 1284 ),1284.0,1
https://www.techpowerup.com/review/gainward-geforce-rtx-5060-ti-8-gb/,https://www.techpowerup.com/review/gainward-geforce-rtx-5060-ti-8-gb/32.html,32,NVIDIA GeForce RTX 5060 Ti 8 GB Review - So Many Compromises,unknown,NVIDIA GeForce RTX 50-Series SUPER GPUs Could Arrive at CES 2026 ( 69 ),69.0,2
https://www.techpowerup.com/review/gainward-geforce-rtx-5060-ti-8-gb/,https://www.techpowerup.com/review/gainward-geforce-rtx-5060-ti-8-gb/33.html,33,NVIDIA GeForce RTX 5060 Ti 8 GB Review - So Many Compromises,unknown,16:01 by xehmadus RX 9000 series GPU Owners Club ( 1284 ),1284.0,1
https://www.techpowerup.com/review/gainward-geforce-rtx-5060-ti-8-gb/,https://www.techpowerup.com/review/gainward-geforce-rtx-5060-ti-8-gb/33.html,33,NVIDIA GeForce RTX 5060 Ti 8 GB Review - So Many Compromises,unknown,NVIDIA GeForce RTX 50-Series SUPER GPUs Could Arrive at CES 2026 ( 69 ),69.0,2
https://www.techpowerup.com/review/gainward-geforce-rtx-5060-ti-8-gb/,https://www.techpowerup.com/review/gainward-geforce-rtx-5060-ti-8-gb/34.html,34,NVIDIA GeForce RTX 5060 Ti 8 GB Review - So Many Compromises,unknown,16:01 by xehmadus RX 9000 series GPU Owners Club ( 1284 ),1284.0,1
https://www.techpowerup.com/review/gainward-geforce-rtx-5060-ti-8-gb/,https://www.techpowerup.com/review/gainward-geforce-rtx-5060-ti-8-gb/34.html,34,NVIDIA GeForce RTX 5060 Ti 8 GB Review - So Many Compromises,unknown,NVIDIA GeForce RTX 50-Series SUPER GPUs Could Arrive at CES 2026 ( 69 ),69.0,2
https://www.techpowerup.com/review/gainward-geforce-rtx-5060-ti-8-gb/,https://www.techpowerup.com/review/gainward-geforce-rtx-5060-ti-8-gb/35.html,35,NVIDIA GeForce RTX 5060 Ti 8 GB Review - So Many Compromises,unknown,16:01 by xehmadus RX 9000 series GPU Owners Club ( 1284 ),1284.0,1
https://www.techpowerup.com/review/gainward-geforce-rtx-5060-ti-8-gb/,https://www.techpowerup.com/review/gainward-geforce-rtx-5060-ti-8-gb/35.html,35,NVIDIA GeForce RTX 5060 Ti 8 GB Review - So Many Compromises,unknown,NVIDIA GeForce RTX 50-Series SUPER GPUs Could Arrive at CES 2026 ( 69 ),69.0,2
https://www.techpowerup.com/review/gainward-geforce-rtx-5060-ti-8-gb/,https://www.techpowerup.com/review/gainward-geforce-rtx-5060-ti-8-gb/36.html,36,NVIDIA GeForce RTX 5060 Ti 8 GB Review - So Many Compromises,unknown,16:01 by xehmadus RX 9000 series GPU Owners Club ( 1284 ),1284.0,1
https://www.techpowerup.com/review/gainward-geforce-rtx-5060-ti-8-gb/,https://www.techpowerup.com/review/gainward-geforce-rtx-5060-ti-8-gb/36.html,36,NVIDIA GeForce RTX 5060 Ti 8 GB Review - So Many Compromises,unknown,NVIDIA GeForce RTX 50-Series SUPER GPUs Could Arrive at CES 2026 ( 69 ),69.0,2
https://www.techpowerup.com/review/gainward-geforce-rtx-5060-ti-8-gb/,https://www.techpowerup.com/review/gainward-geforce-rtx-5060-ti-8-gb/37.html,37,NVIDIA GeForce RTX 5060 Ti 8 GB Review - So Many Compromises,unknown,16:01 by xehmadus RX 9000 series GPU Owners Club ( 1284 ),1284.0,1
https://www.techpowerup.com/review/gainward-geforce-rtx-5060-ti-8-gb/,https://www.techpowerup.com/review/gainward-geforce-rtx-5060-ti-8-gb/37.html,37,NVIDIA GeForce RTX 5060 Ti 8 GB Review - So Many Compromises,unknown,NVIDIA GeForce RTX 50-Series SUPER GPUs Could Arrive at CES 2026 ( 69 ),69.0,2
https://www.techpowerup.com/review/gainward-geforce-rtx-5060-ti-8-gb/,https://www.techpowerup.com/review/gainward-geforce-rtx-5060-ti-8-gb/38.html,38,NVIDIA GeForce RTX 5060 Ti 8 GB Review - So Many Compromises,512x512,16:01 by xehmadus RX 9000 series GPU Owners Club ( 1284 ),1284.0,1
https://www.techpowerup.com/review/gainward-geforce-rtx-5060-ti-8-gb/,https://www.techpowerup.com/review/gainward-geforce-rtx-5060-ti-8-gb/38.html,38,NVIDIA GeForce RTX 5060 Ti 8 GB Review - So Many Compromises,512x512,NVIDIA GeForce RTX 50-Series SUPER GPUs Could Arrive at CES 2026 ( 69 ),69.0,2
https://www.techpowerup.com/review/gainward-geforce-rtx-5060-ti-8-gb/,https://www.techpowerup.com/review/gainward-geforce-rtx-5060-ti-8-gb/39.html,39,NVIDIA GeForce RTX 5060 Ti 8 GB Review - So Many Compromises,unknown,ASUS RTX 5060 Ti Prime 33°C Fan Stop 60°C 64°C 24.4 dBA 1181 RPM 160 W,160.0,1
https://www.techpowerup.com/review/gainward-geforce-rtx-5060-ti-8-gb/,https://www.techpowerup.com/review/gainward-geforce-rtx-5060-ti-8-gb/39.html,39,NVIDIA GeForce RTX 5060 Ti 8 GB Review - So Many Compromises,unknown,ASUS RTX 5060 Ti Prime (Quiet BIOS) 32°C Fan Stop 64°C 68°C 22.2 dBA 796 RPM 161 W,161.0,2
https://www.techpowerup.com/review/gainward-geforce-rtx-5060-ti-8-gb/,https://www.techpowerup.com/review/gainward-geforce-rtx-5060-ti-8-gb/39.html,39,NVIDIA GeForce RTX 5060 Ti 8 GB Review - So Many Compromises,unknown,ASUS RTX 5060 Ti TUF 34°C Fan Stop 60°C 60°C 28.9 dBA 1357 RPM 164 W,164.0,3
https://www.techpowerup.com/review/gainward-geforce-rtx-5060-ti-8-gb/,https://www.techpowerup.com/review/gainward-geforce-rtx-5060-ti-8-gb/39.html,39,NVIDIA GeForce RTX 5060 Ti 8 GB Review - So Many Compromises,unknown,ASUS RTX 5060 Ti TUF (Quiet BIOS) 34°C Fan Stop 65°C 66°C 24.1 dBA 938 RPM 164 W,164.0,4
https://www.techpowerup.com/review/gainward-geforce-rtx-5060-ti-8-gb/,https://www.techpowerup.com/review/gainward-geforce-rtx-5060-ti-8-gb/39.html,39,NVIDIA GeForce RTX 5060 Ti 8 GB Review - So Many Compromises,unknown,Gainward RTX 5060 Ti Ghost 8 GB 36°C Fan Stop 70°C 74°C 34.3 dBA 1858 RPM 160 W,160.0,5
https://www.techpowerup.com/review/gainward-geforce-rtx-5060-ti-8-gb/,https://www.techpowerup.com/review/gainward-geforce-rtx-5060-ti-8-gb/39.html,39,NVIDIA GeForce RTX 5060 Ti 8 GB Review - So Many Compromises,unknown,MSI RTX 5060 Ti Gaming 35°C Fan Stop 62°C 64°C 26.9 dBA 1505 RPM 163 W,163.0,6
https://www.techpowerup.com/review/gainward-geforce-rtx-5060-ti-8-gb/,https://www.techpowerup.com/review/gainward-geforce-rtx-5060-ti-8-gb/39.html,39,NVIDIA GeForce RTX 5060 Ti 8 GB Review - So Many Compromises,unknown,MSI RTX 5060 Ti Gaming Trio 35°C Fan Stop 64°C 62°C 24.4 dBA 1382 RPM 164 W,164.0,7
https://www.techpowerup.com/review/gainward-geforce-rtx-5060-ti-8-gb/,https://www.techpowerup.com/review/gainward-geforce-rtx-5060-ti-8-gb/39.html,39,NVIDIA GeForce RTX 5060 Ti 8 GB Review - So Many Compromises,unknown,Palit RTX 5060 Ti Infinity 3 36°C Fan Stop 65°C 72°C 30.4 dBA 1561 RPM 166 W,166.0,8
https://www.techpowerup.com/review/gainward-geforce-rtx-5060-ti-8-gb/,https://www.techpowerup.com/review/gainward-geforce-rtx-5060-ti-8-gb/39.html,39,NVIDIA GeForce RTX 5060 Ti 8 GB Review - So Many Compromises,unknown,Zotac RTX 5060 Ti AMP 36°C Fan Stop 65°C 76°C 30.0 dBA 1643 RPM 170 W,170.0,9
https://www.techpowerup.com/review/gainward-geforce-rtx-5060-ti-8-gb/,https://www.techpowerup.com/review/gainward-geforce-rtx-5060-ti-8-gb/39.html,39,NVIDIA GeForce RTX 5060 Ti 8 GB Review - So Many Compromises,unknown,16:01 by xehmadus RX 9000 series GPU Owners Club ( 1284 ),1284.0,10
https://www.techpowerup.com/review/gainward-geforce-rtx-5060-ti-8-gb/,https://www.techpowerup.com/review/gainward-geforce-rtx-5060-ti-8-gb/39.html,39,NVIDIA GeForce RTX 5060 Ti 8 GB Review - So Many Compromises,unknown,NVIDIA GeForce RTX 50-Series SUPER GPUs Could Arrive at CES 2026 ( 69 ),69.0,11
https://www.techpowerup.com/review/gainward-geforce-rtx-5060-ti-8-gb/,https://www.techpowerup.com/review/gainward-geforce-rtx-5060-ti-8-gb/40.html,40,NVIDIA GeForce RTX 5060 Ti 8 GB Review - So Many Compromises,unknown,16:01 by xehmadus RX 9000 series GPU Owners Club ( 1284 ),1284.0,1
https://www.techpowerup.com/review/gainward-geforce-rtx-5060-ti-8-gb/,https://www.techpowerup.com/review/gainward-geforce-rtx-5060-ti-8-gb/40.html,40,NVIDIA GeForce RTX 5060 Ti 8 GB Review - So Many Compromises,unknown,NVIDIA GeForce RTX 50-Series SUPER GPUs Could Arrive at CES 2026 ( 69 ),69.0,2
https://www.techpowerup.com/review/gainward-geforce-rtx-5060-ti-8-gb/,https://www.techpowerup.com/review/gainward-geforce-rtx-5060-ti-8-gb/41.html,41,NVIDIA GeForce RTX 5060 Ti 8 GB Review - So Many Compromises,2560x1440,16:01 by xehmadus RX 9000 series GPU Owners Club ( 1284 ),1284.0,1
https://www.techpowerup.com/review/gainward-geforce-rtx-5060-ti-8-gb/,https://www.techpowerup.com/review/gainward-geforce-rtx-5060-ti-8-gb/41.html,41,NVIDIA GeForce RTX 5060 Ti 8 GB Review - So Many Compromises,2560x1440,NVIDIA GeForce RTX 50-Series SUPER GPUs Could Arrive at CES 2026 ( 69 ),69.0,2
https://www.techpowerup.com/review/gainward-geforce-rtx-5060-ti-8-gb/,https://www.techpowerup.com/review/gainward-geforce-rtx-5060-ti-8-gb/42.html,42,NVIDIA GeForce RTX 5060 Ti 8 GB Review - So Many Compromises,unknown,16:01 by xehmadus RX 9000 series GPU Owners Club ( 1284 ),1284.0,1
https://www.techpowerup.com/review/gainward-geforce-rtx-5060-ti-8-gb/,https://www.techpowerup.com/review/gainward-geforce-rtx-5060-ti-8-gb/42.html,42,NVIDIA GeForce RTX 5060 Ti 8 GB Review - So Many Compromises,unknown,NVIDIA GeForce RTX 50-Series SUPER GPUs Could Arrive at CES 2026 ( 69 ),69.0,2
https://www.techpowerup.com/review/gainward-geforce-rtx-5060-ti-8-gb/,https://www.techpowerup.com/review/gainward-geforce-rtx-5060-ti-8-gb/43.html,43,NVIDIA GeForce RTX 5060 Ti 8 GB Review - So Many Compromises,unknown,ASUS RTX 5060 Ti Prime 3140 MHz +375 MHz,51.7,1
https://www.techpowerup.com/review/gainward-geforce-rtx-5060-ti-8-gb/,https://www.techpowerup.com/review/gainward-geforce-rtx-5060-ti-8-gb/43.html,43,NVIDIA GeForce RTX 5060 Ti 8 GB Review - So Many Compromises,unknown,ASUS RTX 5060 Ti TUF 3227 MHz +375 MHz,52.5,2
https://www.techpowerup.com/review/gainward-geforce-rtx-5060-ti-8-gb/,https://www.techpowerup.com/review/gainward-geforce-rtx-5060-ti-8-gb/43.html,43,NVIDIA GeForce RTX 5060 Ti 8 GB Review - So Many Compromises,unknown,Gainward RTX 5060 Ti 8 GB Ghost 3142 MHz +375 MHz,51.4,3
https://www.techpowerup.com/review/gainward-geforce-rtx-5060-ti-8-gb/,https://www.techpowerup.com/review/gainward-geforce-rtx-5060-ti-8-gb/43.html,43,NVIDIA GeForce RTX 5060 Ti 8 GB Review - So Many Compromises,unknown,MSI RTX 5060 Ti Gaming 3132 MHz +375 MHz,51.5,4
https://www.techpowerup.com/review/gainward-geforce-rtx-5060-ti-8-gb/,https://www.techpowerup.com/review/gainward-geforce-rtx-5060-ti-8-gb/43.html,43,NVIDIA GeForce RTX 5060 Ti 8 GB Review - So Many Compromises,unknown,MSI RTX 5060 Ti Gaming Trio 3198 MHz +360 MHz,51.8,5
https://www.techpowerup.com/review/gainward-geforce-rtx-5060-ti-8-gb/,https://www.techpowerup.com/review/gainward-geforce-rtx-5060-ti-8-gb/43.html,43,NVIDIA GeForce RTX 5060 Ti 8 GB Review - So Many Compromises,unknown,Palit RTX 5060 Ti Infinity 3 3174 MHz +375 MHz,51.5,6
https://www.techpowerup.com/review/gainward-geforce-rtx-5060-ti-8-gb/,https://www.techpowerup.com/review/gainward-geforce-rtx-5060-ti-8-gb/43.html,43,NVIDIA GeForce RTX 5060 Ti 8 GB Review - So Many Compromises,unknown,Zotac RTX 5060 Ti AMP 3168 MHz +375 MHz,51.7,7
https://www.techpowerup.com/review/gainward-geforce-rtx-5060-ti-8-gb/,https://www.techpowerup.com/review/gainward-geforce-rtx-5060-ti-8-gb/43.html,43,NVIDIA GeForce RTX 5060 Ti 8 GB Review - So Many Compromises,unknown,16:01 by xehmadus RX 9000 series GPU Owners Club ( 1284 ),1284.0,8
https://www.techpowerup.com/review/gainward-geforce-rtx-5060-ti-8-gb/,https://www.techpowerup.com/review/gainward-geforce-rtx-5060-ti-8-gb/43.html,43,NVIDIA GeForce RTX 5060 Ti 8 GB Review - So Many Compromises,unknown,NVIDIA GeForce RTX 50-Series SUPER GPUs Could Arrive at CES 2026 ( 69 ),69.0,9
https://www.techpowerup.com/review/gainward-geforce-rtx-5060-ti-8-gb/,https://www.techpowerup.com/review/gainward-geforce-rtx-5060-ti-8-gb/44.html,44,NVIDIA GeForce RTX 5060 Ti 8 GB Review - So Many Compromises,unknown,"The Gainward GeForce RTX 5060 Ti Ghost 8 GB isn't available in the States. I bought the tested card for €400 in Germany, at a regular store, including 20% VAT, which converts to $380 without tax, so this card is truly available at MSRP.",380.0,1
https://www.techpowerup.com/review/gainward-geforce-rtx-5060-ti-8-gb/,https://www.techpowerup.com/review/gainward-geforce-rtx-5060-ti-8-gb/44.html,44,NVIDIA GeForce RTX 5060 Ti 8 GB Review - So Many Compromises,unknown,16:01 by xehmadus RX 9000 series GPU Owners Club ( 1284 ),1284.0,2
https://www.techpowerup.com/review/gainward-geforce-rtx-5060-ti-8-gb/,https://www.techpowerup.com/review/gainward-geforce-rtx-5060-ti-8-gb/44.html,44,NVIDIA GeForce RTX 5060 Ti 8 GB Review - So Many Compromises,unknown,NVIDIA GeForce RTX 50-Series SUPER GPUs Could Arrive at CES 2026 ( 69 ),69.0,3
